row_type,timestamp,symbol,raw,smoothed,pred_5,pred_10,pred_20,check_5,check_10,check_20,Q_scale,R_scale,RSI,avg_errs
2026-01-07 07:28:00,BTC/USDT,92811.0,92809.89661551743,92855.45325632801,92901.00989713859,92992.12317875975,,,,0.01,0.1,64.49875548832523
2026-01-07 07:29:00,BTC/USDT,92815.0,92815.32250913068,92850.31876292302,92885.31501671538,92955.30752430006,,,,0.01,0.1,65.36671652743344
2026-01-07 07:30:00,BTC/USDT,92843.7,92841.69277524757,92932.12218425614,93022.5515932647,93203.41041128182,,,,0.01,0.1,70.88672117829408
2026-01-07 07:31:00,BTC/USDT,92809.0,92812.35133915563,92768.65324522229,92724.95515128894,92637.55896342227,,,,0.01,0.1,58.72511355280837
2026-01-07 07:32:00,BTC/USDT,92800.1,92800.33183425196,92747.13391608487,92693.9359979178,92587.54016158363,,,,0.01,0.1,56.04903140811785
2026-01-07 07:33:00,BTC/USDT,92808.9,92807.56311503108,92806.26741803327,92804.97172103546,92802.38032703985,,,,0.01,0.1,58.049804704515225
2026-01-07 07:34:00,BTC/USDT,92784.3,92785.67526731045,92721.78063494695,92657.88600258346,92530.09673785647,,,,0.01,0.1,50.96017870442164
2026-01-07 07:35:00,BTC/USDT,92780.2,92779.76230602723,92735.91355417042,92692.0648023136,92604.36729859996,,,,0.01,0.1,49.89725903536349
2026-01-07 07:36:00,BTC/USDT,92802.0,92799.92247067574,92840.59104374943,92881.25961682314,92962.59676297054,,,,0.01,0.1,55.37410009559876
2026-01-07 07:37:00,BTC/USDT,92844.1,92841.20679977858,92978.08991241541,93114.97302505223,93388.73925032589,,,,0.01,0.1,63.89028028798512
interrupted,2026-01-07T07:38:34.507987+00:00,USER_INTERRUPTED,,,,,,,,,,,,,,,,,,,,
2026-01-07 07:38:00,BTC/USDT,92881.5,92880.34169038283,93050.9285455026,93221.51540062235,93562.68911086187,,,,0.01,0.1,69.11516902761363
2026-01-07 07:39:00,BTC/USDT,92864.2,92868.03966755694,92906.86880240048,92945.69793724401,93023.3562069311,,,,0.01,0.1,64.29334470802652
2026-01-07 07:40:00,BTC/USDT,92850.5,92852.31281388932,92823.74290787056,92795.1730018518,92738.03318981428,,,,0.01,0.1,60.70171618152727
2026-01-07 07:41:00,BTC/USDT,92891.7,92887.87843215014,92978.44704591634,93069.01565968254,93250.15288721492,,,,0.01,0.1,66.70987614459403
2026-01-07 07:42:00,BTC/USDT,92863.6,92866.5496331527,92844.55000042437,92822.55036769605,92778.5511022394,,,,0.01,0.1,59.96675720998888
2026-01-07 07:43:00,BTC/USDT,92864.9,92864.70177745499,92850.07479858579,92835.44781971657,92806.19386197817,,,,0.01,0.1,60.17783352189227
2026-01-07 07:44:00,BTC/USDT,92843.1,92844.3042915154,92779.23717540324,92714.1700592911,92584.03582706678,,,,0.01,0.1,55.16793629487537
2026-01-07 07:45:00,BTC/USDT,92851.2,92849.85167652307,92838.72840439984,92827.6051322766,92805.35858803014,,,,0.01,0.1,56.63239058260795
2026-01-07 07:46:00,BTC/USDT,92832.0,92832.96434236091,92779.32583138501,92725.68732040911,92618.41029845731,,,,0.01,0.1,52.33025908661046
2026-01-07 07:47:00,BTC/USDT,92830.0,92829.51866793497,92797.10518809815,92764.69170826135,92699.86474858772,,,,0.01,0.1,51.87083528270449
2026-01-07 07:48:00,BTC/USDT,92843.7,92842.342674371,92866.21496774917,92890.08726112734,92937.83184788369,,,,0.01,0.1,54.67762331803307
2026-01-07 07:49:00,BTC/USDT,92830.1,92831.13896594604,92808.58980745816,92786.04064897027,92740.9423319945,,,,0.01,0.1,51.42430510217404
2026-01-07 07:50:00,BTC/USDT,92832.1,92831.75978207857,92824.17573782339,92816.59169356822,92801.42360505786,,,,0.01,0.1,51.876162780935005
2026-01-07 07:51:00,BTC/USDT,92832.1,92831.98457709273,92829.47714370389,92826.96971031502,92821.95484353733,,,,0.01,0.1,51.91381740406447
2026-01-07 07:52:00,BTC/USDT,92828.1,92828.3058561149,92816.53794643162,92804.77003674833,92781.23421738177,,,,0.01,0.1,50.813516387293944
2026-01-07 07:53:00,BTC/USDT,92826.7,92826.65471300947,92816.93663338281,92807.21855375613,92787.78239450279,,,,0.01,0.1,50.406894489052306
2026-01-07 07:54:00,BTC/USDT,92846.9,92845.40105813184,92896.08152991712,92946.7620017024,93048.12294527296,,,,0.01,0.1,55.813179802834675
2026-01-07 07:55:00,BTC/USDT,92846.9,92847.47438228373,92874.7671558612,92902.05992943868,92956.64547659362,,,,0.01,0.1,55.8269896081588
2026-01-07 07:56:00,BTC/USDT,92846.9,92847.30111713396,92858.25242431862,92869.20373150326,92891.10634587258,,,,0.01,0.1,55.8269896081588
2026-01-07 07:57:00,BTC/USDT,92867.0,92865.68989569294,92923.65086937037,92981.61184304781,93097.53379040268,,,,0.01,0.1,61.10997980813473
2026-01-07 07:58:00,BTC/USDT,92880.3,92880.0614012256,92946.02787429428,93011.99434736297,93143.92729350032,,,,0.01,0.1,64.11237679225208
2026-01-07 07:59:00,BTC/USDT,92883.6,92884.36818580356,92924.85795159069,92965.34771737784,93046.32724895212,,,,0.01,0.1,64.86007705750302
2026-01-07 08:00:00,BTC/USDT,92884.3,92884.97664199954,92904.01481381388,92923.05298562821,92961.12932925687,,,,0.01,0.1,66.51830721035468
2026-01-07 08:01:00,BTC/USDT,92888.1,92888.15533893123,92905.39745236911,92922.63956580701,92957.12379268277,,,,0.01,0.1,65.93557295923871
2026-01-07 08:02:00,BTC/USDT,92905.2,92903.97864756962,92956.60825380955,93009.23786004948,93114.49707252934,,,,0.01,0.1,69.53975646496224
2026-01-07 08:03:00,BTC/USDT,92901.5,92902.59433706508,92921.4252132156,92940.25608936611,92977.91784166713,,,,0.01,0.1,67.97653367768191
2026-01-07 08:04:00,BTC/USDT,92893.9,92894.85702796426,92880.91889017339,92866.98075238253,92839.10447680079,,,,0.01,0.1,64.28992462764812
2026-01-07 08:05:00,BTC/USDT,92902.6,92901.72589434471,92915.5006628503,92929.27543135588,92956.82496836706,,,,0.01,0.1,66.521682960877
2026-01-07 08:06:00,BTC/USDT,92884.4,92885.74572934993,92846.00477863765,92806.26382792536,92726.7819265008,,,,0.01,0.1,58.29502365623428
2026-01-07 08:07:00,BTC/USDT,92899.1,92897.47458922511,92914.73028508996,92931.9859809548,92966.4973726845,,,,0.01,0.1,62.318586566151055
2026-01-07 08:08:00,BTC/USDT,92889.9,92890.65746966134,92878.37379929672,92866.0901289321,92841.52278820288,,,,0.01,0.1,58.500980277045855
2026-01-07 08:09:00,BTC/USDT,92931.9,92928.01846778649,93030.95453046898,93133.89059315146,93339.76271851645,,,,0.01,0.1,68.07292373133514
2026-01-07 08:10:00,BTC/USDT,92940.2,92940.94838915412,93022.0996216383,93103.25085412251,93265.5533190909,,,,0.01,0.1,69.59860420939532
2026-01-07 08:11:00,BTC/USDT,92948.0,92948.84465996733,93006.35527630898,93063.86589265063,93178.88712533395,,,,0.01,0.1,70.96202801087624
2026-01-07 08:12:00,BTC/USDT,92919.2,92921.99540462939,92871.01253245265,92820.02966027592,92718.06391592245,,,,0.01,0.1,60.021234797037295
2026-01-07 08:13:00,BTC/USDT,92935.0,92933.19192064465,92944.07063152805,92954.94934241146,92976.70676417826,,,,0.01,0.1,63.45071948915594
2026-01-07 08:14:00,BTC/USDT,92934.9,92934.935951322,92944.57456206987,92954.21317281775,92973.4903943135,,,,0.01,0.1,63.45651575631182
2026-01-07 08:15:00,BTC/USDT,92925.5,92926.30465961255,92905.62159520935,92884.93853080616,92843.57240199977,,,,0.01,0.1,60.036695593877745
2026-01-07 08:16:00,BTC/USDT,92925.4,92925.1822012243,92913.20381233783,92901.22542345135,92877.26864567838,,,,0.01,0.1,57.20611085092166
2026-01-07 08:17:00,BTC/USDT,92925.5,92925.30319628041,92920.62038263472,92915.93756898904,92906.57194169768,,,,0.01,0.1,60.01154435626341
2026-01-07 08:18:00,BTC/USDT,92899.7,92901.15513315897,92829.47975719225,92757.80438122555,92614.45362929213,,,,0.01,0.1,50.646405635067666
2026-01-07 08:19:00,BTC/USDT,92908.9,92907.48075378088,92896.15985772332,92884.83896166578,92862.19716955067,,,,0.01,0.1,53.469317557366395
2026-01-07 08:20:00,BTC/USDT,92898.8,92899.1828532742,92870.30348172202,92841.42411016984,92783.66536706548,,,,0.01,0.1,50.041657480622995
2026-01-07 08:21:00,BTC/USDT,92934.0,92931.00306564433,93011.9387894005,93092.87451315668,93254.74596066902,,,,0.01,0.1,59.80531469298267
2026-01-07 08:22:00,BTC/USDT,92941.9,92942.29290738459,93009.1004179899,93075.90792859522,93209.52294980585,,,,0.01,0.1,61.37341807251821
2026-01-07 08:23:00,BTC/USDT,92834.0,92839.7835401884,92572.94872382416,92306.11390745992,91772.44427473146,,,,0.01,0.1,38.335944126326694
2026-01-07 08:24:00,BTC/USDT,92845.4,92842.33677687436,92740.69804862836,92639.05932038234,92435.78186389031,,,,0.01,0.1,39.92669650686495
2026-01-07 08:25:00,BTC/USDT,92795.5,92796.74251054146,92620.67442614936,92444.60634175724,92092.47017297303,,,,0.01,0.1,33.22010694153482
2026-01-07 08:26:00,BTC/USDT,92790.5,92789.13601590287,92694.7356913103,92600.33536671773,92411.53471753257,,,,0.01,0.1,32.62898679789211
2026-01-07 08:27:00,BTC/USDT,92794.5,92793.32027901054,92767.14813117452,92740.97598333849,92688.63168766644,,,,0.01,0.1,34.83265464611755
2026-01-07 08:28:00,BTC/USDT,92870.8,92865.70961890418,93068.80370100735,93271.89778311051,93678.08594731684,,,,0.01,0.1,49.354734128160885
2026-01-07 08:29:00,BTC/USDT,92878.0,92879.72947099003,93005.18889110564,93130.64831122124,93381.56715145247,,,,0.01,0.1,50.554699199704835
2026-01-07 08:30:00,BTC/USDT,92892.0,92892.81563622778,92983.25149549403,93073.68735476027,93254.55907329278,,,,0.01,0.1,52.86233861766113
2026-01-07 08:31:00,BTC/USDT,92925.0,92923.98915997217,93052.51747069092,93181.04578140966,93438.10240284714,,,,0.01,0.1,58.8511315034463
2026-01-07 08:32:00,BTC/USDT,92933.4,92934.5515883001,93019.32944763105,93104.10730696199,93273.66302562387,,,,0.01,0.1,59.087106272207144
2026-01-07 08:33:00,BTC/USDT,92856.3,92861.34296731002,92685.58985682865,92509.83674634728,92158.33052538455,,,,0.01,0.1,44.44381022582781
2026-01-07 08:34:00,BTC/USDT,92797.9,92799.33455539029,92544.6527542461,92289.9709531019,91780.6073508135,,,,0.01,0.1,39.17843314353821
2026-01-07 08:35:00,BTC/USDT,92767.7,92766.7451015896,92566.15390051453,92365.56269943947,91964.38029728935,,,,0.01,0.1,36.81444477908754
2026-01-07 08:36:00,BTC/USDT,92768.9,92766.82165996422,92684.85650510075,92602.89135023727,92438.96104051033,,,,0.01,0.1,36.04906967682414
2026-01-07 08:37:00,BTC/USDT,92769.8,92768.8392346734,92741.22282139097,92713.60640810854,92658.37358154365,,,,0.01,0.1,36.5210848024789
2026-01-07 08:38:00,BTC/USDT,92794.2,92792.55638223681,92851.22207479845,92909.8877673601,93027.21915248336,,,,0.01,0.1,41.11016029994563
2026-01-07 08:39:00,BTC/USDT,92808.3,92808.08093478471,92877.8962370204,92947.71153925607,93087.34214372744,,,,0.01,0.1,43.232845543827196
2026-01-07 08:40:00,BTC/USDT,92784.1,92786.07061282237,92750.25632759389,92714.44204236542,92642.81347190848,,,,0.01,0.1,40.41490266427937
2026-01-07 08:41:00,BTC/USDT,92773.1,92773.40041556477,92721.37468734967,92669.34895913457,92565.29750270437,,,,0.01,0.1,39.805050135262405
2026-01-07 08:42:00,BTC/USDT,92774.0,92773.43553127519,92752.15317839444,92730.87082551369,92688.30611975217,,,,0.01,0.1,39.19046738935896
2026-01-07 08:43:00,BTC/USDT,92774.0,92773.75239309242,92765.9423486048,92758.13230411719,92742.51221514196,,,,0.01,0.1,39.19263937596022
2026-01-07 08:44:00,BTC/USDT,92774.0,92773.90704604535,92771.1537567406,92768.40046743584,92762.89388882634,,,,0.01,0.1,39.196961340361824
2026-01-07 08:45:00,BTC/USDT,92720.4,92722.84302475202,92571.29540762387,92419.74779049573,92116.65255623945,,,,0.01,0.1,31.92415963251898
2026-01-07 08:46:00,BTC/USDT,92715.1,92714.05458902226,92626.21513063837,92538.37567225448,92362.6967554867,,,,0.01,0.1,31.31329174653088
2026-01-07 08:47:00,BTC/USDT,92714.9,92714.04619113654,92678.1887224507,92642.33125376485,92570.61631639316,,,,0.01,0.1,31.291943396917006
2026-01-07 08:48:00,BTC/USDT,92732.1,92730.84904955447,92765.95507405348,92801.06109855248,92871.2731475505,,,,0.01,0.1,35.957680434068294
2026-01-07 08:49:00,BTC/USDT,92707.1,92708.54044025106,92657.09378605238,92605.64713185371,92502.75382345635,,,,0.01,0.1,32.50458172303689
2026-01-07 08:50:00,BTC/USDT,92701.2,92701.06302022001,92657.93484204942,92614.80666387883,92528.55030753766,,,,0.01,0.1,31.548573073040444
2026-01-07 08:51:00,BTC/USDT,92751.7,92748.35510695714,92870.73078299835,92993.10645903957,93237.857811122,,,,0.01,0.1,44.16549811584322
2026-01-07 08:52:00,BTC/USDT,92749.0,92750.30076085594,92806.60760687114,92862.91445288633,92975.52814491672,,,,0.01,0.1,43.56510864293501
2026-01-07 08:53:00,BTC/USDT,92748.0,92748.74300671114,92767.41636617928,92786.08972564741,92823.4364445837,,,,0.01,0.1,43.7263916157955
2026-01-07 08:54:00,BTC/USDT,92740.0,92740.66294373224,92724.65006770863,92708.63719168502,92676.61143963781,,,,0.01,0.1,41.91235873004075
2026-01-07 08:55:00,BTC/USDT,92737.9,92737.87633834597,92723.08657270689,92708.29680706779,92678.7172757896,,,,0.01,0.1,42.468694864353196
2026-01-07 08:56:00,BTC/USDT,92748.7,92747.93422812743,92771.39498411225,92794.85574009709,92841.77725206673,,,,0.01,0.1,44.44118703524934
2026-01-07 08:57:00,BTC/USDT,92739.0,92739.72850069901,92725.34904285027,92710.96958500153,92682.21066930404,,,,0.01,0.1,42.387798236986825
2026-01-07 08:58:00,BTC/USDT,92738.1,92738.03416230416,92727.12763068368,92716.22109906319,92694.40803582221,,,,0.01,0.1,41.33015357067252
2026-01-07 08:59:00,BTC/USDT,92721.9,92722.60879137542,92672.74365360483,92622.87851583425,92523.14824029309,,,,0.01,0.1,38.771832036555956
2026-01-07 09:00:00,BTC/USDT,92645.9,92648.79817657114,92410.79610314335,92172.79402971556,91696.78988285997,,,,0.01,0.1,27.43175464042963
2026-01-07 09:01:00,BTC/USDT,92684.6,92680.35035656212,92677.28370240764,92674.21704825317,92668.08373994421,,,,0.01,0.1,37.421170715501674
2026-01-07 09:02:00,BTC/USDT,92675.5,92675.70864616359,92660.76656983879,92645.82449351398,92615.94034086438,,,,0.01,0.1,36.18406221996884
2026-01-07 09:03:00,BTC/USDT,92668.0,92668.22935070012,92640.03349374793,92611.83763679574,92555.44592289136,,,,0.01,0.1,35.130683248436014
2026-01-07 09:04:00,BTC/USDT,92720.8,92717.37802232773,92851.00056113701,92984.62309994632,93251.86817756489,,,,0.01,0.1,46.8634966118158
2026-01-07 09:05:00,BTC/USDT,92688.8,92691.718622456,92672.06440709298,92652.41019172996,92613.10176100391,,,,0.01,0.1,41.917561688909764
2026-01-07 09:06:00,BTC/USDT,92570.1,92575.32036886617,92224.96572255804,91874.61107624992,91173.90178363366,,,,0.01,0.1,29.485892511466247
2026-01-07 09:07:00,BTC/USDT,92549.5,92547.5360897039,92322.58039313454,92097.62469656518,91647.71330342647,,,,0.01,0.1,27.901976345880414
2026-01-07 09:08:00,BTC/USDT,92554.9,92552.53573343152,92475.85792113913,92399.18010884675,92245.82448426198,,,,0.01,0.1,28.984623088359058
2026-01-07 09:09:00,BTC/USDT,92532.9,92533.08947054352,92444.2295145029,92355.3695584623,92177.64964638109,,,,0.01,0.1,27.22407401170588
2026-01-07 09:10:00,BTC/USDT,92520.1,92519.8911811748,92444.59879232802,92369.30640348126,92218.7216257877,,,,0.01,0.1,26.33072131739013
2026-01-07 09:11:00,BTC/USDT,92488.4,92489.0969955099,92367.10611447023,92245.11523343054,92001.13347135119,,,,0.01,0.1,23.96173522109008
2026-01-07 09:12:00,BTC/USDT,92389.1,92392.191359748,92054.76727486677,91717.34318998555,91042.49502022308,,,,0.01,0.1,20.735726392547576
2026-01-07 09:13:00,BTC/USDT,92337.6,92337.09677701812,92036.54075011353,91735.98472320897,91134.8726693998,,,,0.01,0.1,16.431008833874884
2026-01-07 09:14:00,BTC/USDT,92282.9,92282.6730937092,91999.07108296773,91715.46907222625,91148.26505074328,,,,0.01,0.1,14.469540184801701
2026-01-07 09:15:00,BTC/USDT,92298.2,92295.32986520533,92218.6682800101,92142.00669481486,91988.68352442438,,,,0.01,0.1,17.319601444736946
2026-01-07 09:16:00,BTC/USDT,92307.2,92306.10510734435,92307.2155658897,92308.32602443502,92310.54694152571,,,,0.01,0.1,18.691719546940675
2026-01-07 09:17:00,BTC/USDT,92334.1,92332.90775426937,92413.15631995209,92493.40488563481,92653.90201700023,,,,0.01,0.1,24.10522820333398
2026-01-07 09:18:00,BTC/USDT,92124.9,92133.5484322425,91574.07860738755,91014.60878253261,89895.66913282272,,,,0.01,0.1,15.805247672105637
2026-01-07 09:19:00,BTC/USDT,92080.7,92078.42820705051,91688.25050420713,91298.07280136374,90517.71739567697,,,,0.01,0.1,14.663304962188533
2026-01-07 09:20:00,BTC/USDT,92101.0,92096.99050142118,91994.92576768115,91892.86103394112,91688.73156646107,,,,0.01,0.1,17.611902640034117
2026-01-07 09:21:00,BTC/USDT,92140.9,92138.16430105694,92219.53814181066,92300.91198256439,92463.65966407182,,,,0.01,0.1,23.262382480494665
2026-01-07 09:22:00,BTC/USDT,92073.1,92076.42781771538,91926.03944666694,91775.65107561849,91474.87433352161,,,,0.01,0.1,20.66224953817877
2026-01-07 09:23:00,BTC/USDT,91990.1,91992.4113481991,91681.54038625238,91370.66942430568,90748.92750041228,,,,0.01,0.1,20.768839791777893
2026-01-07 09:24:00,BTC/USDT,91957.2,91956.13950298002,91722.3285549339,91488.51760688779,91020.89571079556,,,,0.01,0.1,17.086794599339186
2026-01-07 09:25:00,BTC/USDT,91966.3,91963.96219875352,91892.81152670998,91821.66085466645,91679.35951057938,,,,0.01,0.1,20.382192794305652
2026-01-07 09:26:00,BTC/USDT,91978.9,91977.70972141757,91989.7967496846,92001.88377795162,92026.05783448565,,,,0.01,0.1,20.158624180730115
2026-01-07 09:27:00,BTC/USDT,91900.0,91903.1713133782,91686.2622489753,91469.35318457238,91035.53505576657,,,,0.01,0.1,17.553514716867582
2026-01-07 09:28:00,BTC/USDT,91954.2,91950.1081194184,92002.28044910892,92054.45277879944,92158.79743818051,,,,0.01,0.1,24.77195968229151
2026-01-07 09:29:00,BTC/USDT,91955.9,91956.10600453336,91995.10717697798,92034.1083494226,92112.11069431185,,,,0.01,0.1,27.269262313133297
2026-01-07 09:30:00,BTC/USDT,91982.1,91981.28231336638,92071.811912256,92162.34151114563,92343.40070892489,,,,0.01,0.1,28.503645726847623
2026-01-07 09:31:00,BTC/USDT,91878.0,91883.12002188437,91629.03894797711,91374.95787406986,90866.79572625534,,,,0.01,0.1,23.753442702271556
2026-01-07 09:32:00,BTC/USDT,91852.0,91851.17443709084,91653.17181550535,91455.16919391986,91059.16395074889,,,,0.01,0.1,22.73578088590847
2026-01-07 09:33:00,BTC/USDT,91874.0,91871.28177798433,91850.77576562081,91830.26975325731,91789.25772853028,,,,0.01,0.1,25.640681128632025
2026-01-07 09:34:00,BTC/USDT,91800.3,91803.11061672115,91592.43927447588,91381.7679322306,90960.42524774006,,,,0.01,0.1,23.128738498134453
2026-01-07 09:35:00,BTC/USDT,91806.3,91804.38306504524,91722.7242529856,91641.06544092597,91477.74781680669,,,,0.01,0.1,23.381141307487127
2026-01-07 09:36:00,BTC/USDT,91838.0,91835.76915917425,91895.90918898919,91956.04921880412,92076.32927843399,,,,0.01,0.1,27.645308867294446
2026-01-07 09:37:00,BTC/USDT,91820.9,91822.08092073427,91805.9746697189,91789.86841870353,91757.65591667278,,,,0.01,0.1,26.779319224863457
2026-01-07 09:38:00,BTC/USDT,91792.5,91793.65982476716,91702.79094622795,91611.92206768875,91430.18431061033,,,,0.01,0.1,26.861091893193745
2026-01-07 09:39:00,BTC/USDT,91820.9,91818.83363007107,91856.5639133365,91894.29419660196,91969.75476313283,,,,0.01,0.1,29.396624018572638
2026-01-07 09:40:00,BTC/USDT,91765.1,91767.7689005888,91631.86559110544,91495.96228162207,91224.15566265534,,,,0.01,0.1,26.370067158227656
2026-01-07 09:41:00,BTC/USDT,91709.2,91710.527634835,91485.41073583646,91260.2938368379,90810.0600388408,,,,0.01,0.1,23.746630517066805
2026-01-07 09:42:00,BTC/USDT,91720.9,91718.49842190542,91650.85790192192,91583.21738193842,91447.93634197142,,,,0.01,0.1,25.408992000447697
2026-01-07 09:43:00,BTC/USDT,91722.0,91721.2615760005,91701.98408203617,91682.70658807186,91644.15160014322,,,,0.01,0.1,25.5840341277447
2026-01-07 09:44:00,BTC/USDT,91749.1,91747.66360883962,91818.2043785402,91888.74514824079,92029.82668764198,,,,0.01,0.1,28.9649145547899
2026-01-07 09:45:00,BTC/USDT,91681.3,91684.78392383642,91527.20869992174,91369.63347600707,91054.48302817771,,,,0.01,0.1,25.854156653041542
2026-01-07 09:46:00,BTC/USDT,91632.5,91633.37618222492,91416.74941530166,91200.1226483784,90766.86911453187,,,,0.01,0.1,23.479077129577092
2026-01-07 09:47:00,BTC/USDT,91600.1,91599.68228856384,91411.67922543669,91223.67616230954,90847.67003605523,,,,0.01,0.1,22.027493768265202
2026-01-07 09:48:00,BTC/USDT,91644.0,91640.309327024,91684.92960654131,91729.54988605861,91818.79044509321,,,,0.01,0.1,28.175833737318555
2026-01-07 09:49:00,BTC/USDT,91728.9,91724.74425761828,91993.17170875473,92261.5991598912,92798.4540621641,,,,0.01,0.1,38.95145918125487
2026-01-07 09:50:00,BTC/USDT,91728.0,91730.58079826039,91858.14167050364,91985.70254274688,92240.82428723338,,,,0.01,0.1,38.876845424633096
2026-01-07 09:51:00,BTC/USDT,91727.5,91728.96186129737,91776.60233407194,91824.24280684652,91919.52375239566,,,,0.01,0.1,38.83330395584687
2026-01-07 09:52:00,BTC/USDT,91697.0,91699.04475633783,91630.4683335573,91561.89191077679,91424.73906521573,,,,0.01,0.1,36.43438648158137
2026-01-07 09:53:00,BTC/USDT,91706.0,91704.95767838556,91694.31267970511,91683.66768102464,91662.37768366374,,,,0.01,0.1,37.66329285175058
2026-01-07 09:54:00,BTC/USDT,91739.9,91737.89692855754,91830.65186860847,91923.40680865942,92108.9166887613,,,,0.01,0.1,42.1766200688565
2026-01-07 09:55:00,BTC/USDT,91752.4,91752.62338095049,91834.14022650932,91915.65707206815,92078.6907631858,,,,0.01,0.1,43.97677747764236
2026-01-07 09:56:00,BTC/USDT,91732.3,91734.231708675,91713.92953124839,91693.62735382176,91653.02299896853,,,,0.01,0.1,41.47983664489492
2026-01-07 09:57:00,BTC/USDT,91696.8,91698.48515737554,91584.98390197249,91471.48264656944,91244.48013576331,,,,0.01,0.1,38.403712312957374
2026-01-07 09:58:00,BTC/USDT,91706.0,91704.43226244008,91675.38364223961,91646.33502203914,91588.23778163819,,,,0.01,0.1,39.756968106282606
2026-01-07 09:59:00,BTC/USDT,91711.7,91711.01383530049,91718.45058644457,91725.88733758863,91740.76083987679,,,,0.01,0.1,40.61467921172627
2026-01-07 10:00:00,BTC/USDT,91648.2,91651.285070207,91478.59279027538,91305.90051034374,90960.51595048049,,,,0.01,0.1,34.861434781572456
2026-01-07 10:01:00,BTC/USDT,91607.6,91608.02238109586,91409.5505667589,91211.07875242193,90814.13512374803,,,,0.01,0.1,31.436767374696288
2026-01-07 10:02:00,BTC/USDT,91627.7,91624.81124216922,91593.56278997578,91562.31433778236,91499.81743339548,,,,0.01,0.1,34.70037868836938
2026-01-07 10:03:00,BTC/USDT,91760.0,91750.98399782277,92110.87659590287,92470.76919398297,93190.55439014315,,,,0.01,0.1,51.20845944315276
2026-01-07 10:04:00,BTC/USDT,91745.4,91750.01911933142,91897.42804966871,92044.83698000602,92339.6548406806,,,,0.01,0.1,49.500395422611206
2026-01-07 10:05:00,BTC/USDT,91761.5,91762.61096211239,91860.68784228,91958.7647224476,92154.9184827828,,,,0.01,0.1,51.170883187966304
2026-01-07 10:06:00,BTC/USDT,91774.0,91774.5179873188,91850.114838513,91925.71168970721,92076.90539209562,,,,0.01,0.1,52.45660892469595
2026-01-07 10:07:00,BTC/USDT,91815.4,91813.64002047395,91959.1444703523,92104.64892023064,92395.65781998735,,,,0.01,0.1,56.602901356635556
2026-01-07 10:08:00,BTC/USDT,91782.8,91786.52609714746,91769.11548709094,91751.70487703443,91716.88365692139,,,,0.01,0.1,52.660805881451374
2026-01-07 10:09:00,BTC/USDT,91811.3,91809.4125348002,91868.81858496947,91928.22463513873,92047.03673547726,,,,0.01,0.1,55.59049848770043
2026-01-07 10:10:00,BTC/USDT,91788.0,91790.08003937615,91758.89012464453,91727.70020991292,91665.32038044969,,,,0.01,0.1,52.758004382454224
2026-01-07 10:11:00,BTC/USDT,91831.4,91828.11749203678,91925.89036776575,92023.66324349471,92219.20899495266,,,,0.01,0.1,57.136856569258676
2026-01-07 10:12:00,BTC/USDT,91854.7,91854.19743828531,91970.8710676171,92087.54469694888,92320.89195561246,,,,0.01,0.1,59.34845661183573
2026-01-07 10:13:00,BTC/USDT,91828.7,91831.91300521429,91816.83312064654,91801.75323607877,91771.59346694326,,,,0.01,0.1,55.927466858966135
2026-01-07 10:14:00,BTC/USDT,91839.0,91838.31180949198,91850.56012276556,91862.80843603914,91887.3050625863,,,,0.01,0.1,56.996343212493905
2026-01-07 10:15:00,BTC/USDT,91805.4,91807.58890135189,91723.69910485689,91639.80930836187,91472.02971537187,,,,0.01,0.1,52.54560806428801
2026-01-07 10:16:00,BTC/USDT,91815.2,91813.63347821354,91796.2514810387,91778.86948386385,91744.10548951416,,,,0.01,0.1,53.68487647286019
2026-01-07 10:17:00,BTC/USDT,91852.5,91849.54318960963,91946.74898906924,92043.95478852885,92238.36638744808,,,,0.01,0.1,57.798912876972416
2026-01-07 10:18:00,BTC/USDT,91854.0,91855.03640783088,91911.87890279731,91968.72139776374,92082.40638769662,,,,0.01,0.1,57.96668517306085
2026-01-07 10:19:00,BTC/USDT,91824.6,91827.23461174706,91770.71674741771,91714.19888308836,91601.16315442967,,,,0.01,0.1,53.60099319087988
2026-01-07 10:20:00,BTC/USDT,91824.1,91823.57849348772,91789.32121666126,91755.06393983481,91686.54938618193,,,,0.01,0.1,53.540951652891295
2026-01-07 10:21:00,BTC/USDT,91824.0,91823.5355659846,91809.09227020717,91794.64897442974,91765.76238287489,,,,0.01,0.1,53.53911630637179
2026-01-07 10:22:00,BTC/USDT,91780.7,91782.95596267858,91658.84096947793,91534.72597627729,91286.49598987598,,,,0.01,0.1,47.03812015358835
2026-01-07 10:23:00,BTC/USDT,91792.2,91790.17741183151,91759.94879142495,91729.72017101839,91669.26293020528,,,,0.01,0.1,48.82695808048341
2026-01-07 10:24:00,BTC/USDT,91762.1,91763.30896901274,91672.20601060448,91581.10305219621,91398.8971353797,,,,0.01,0.1,44.615189827775545
2026-01-07 10:25:00,BTC/USDT,91750.2,91749.92403140091,91673.01334424564,91596.10265709038,91442.28128277985,,,,0.01,0.1,43.03429475548781
2026-01-07 10:26:00,BTC/USDT,91751.6,91750.66405099703,91721.12353794099,91691.58302488494,91632.50199877286,,,,0.01,0.1,43.784521523414355
2026-01-07 10:27:00,BTC/USDT,91798.0,91794.67420257747,91911.68401713372,92028.69383168996,92262.71346080245,,,,0.01,0.1,51.09049663344492
2026-01-07 10:28:00,BTC/USDT,91766.0,91768.92819659626,91742.66200923368,91716.39582187112,91663.86344714598,,,,0.01,0.1,46.34095518997784
2026-01-07 10:29:00,BTC/USDT,91777.9,91777.06201086697,91790.02564700965,91802.98928315235,91828.91655543773,,,,0.01,0.1,48.27746773042818
2026-01-07 10:30:00,BTC/USDT,91783.4,91783.17681723689,91806.44116271677,91829.70550819665,91876.23419915643,,,,0.01,0.1,49.166035847488885
2026-01-07 10:31:00,BTC/USDT,91856.5,91851.46888761556,92060.69271159545,92269.91653557532,92688.3641835351,,,,0.01,0.1,59.35097280048413
2026-01-07 10:32:00,BTC/USDT,91885.1,91885.72833396365,92073.05919349733,92260.39005303102,92635.0517720984,,,,0.01,0.1,62.50770691510156
2026-01-07 10:33:00,BTC/USDT,91876.9,91880.27353407022,91944.2563099225,92008.23908577475,92136.2046374793,,,,0.01,0.1,61.03604302179524
2026-01-07 10:34:00,BTC/USDT,91913.0,91911.39152038304,92028.18457944116,92144.97763849929,92378.56375661552,,,,0.01,0.1,64.90861690776002
2026-01-07 10:35:00,BTC/USDT,91932.5,91932.68817829924,92043.5768047507,92154.46543120217,92376.2426841051,,,,0.01,0.1,66.86406363670244
2026-01-07 10:36:00,BTC/USDT,91915.0,91918.01817184668,91923.76815580203,91929.51813975738,91941.01810766807,,,,0.01,0.1,63.4714685269135
2026-01-07 10:37:00,BTC/USDT,91957.0,91953.74251395796,92058.81865806397,92163.89480217,92374.04709038205,,,,0.01,0.1,67.68725368358733
2026-01-07 10:38:00,BTC/USDT,91984.2,91983.35692528311,92112.93240678214,92242.5078882812,92501.65885127927,,,,0.01,0.1,69.64097956904018
2026-01-07 10:39:00,BTC/USDT,91900.1,91906.96276212875,91746.27842933655,91585.59409654436,91264.22543095997,,,,0.01,0.1,56.15709850436026
2026-01-07 10:40:00,BTC/USDT,91902.9,91901.01375384726,91816.44967513467,91731.88559642207,91562.7574389969,,,,0.01,0.1,56.46177210805627
2026-01-07 10:41:00,BTC/USDT,91901.9,91900.70864189582,91864.33925554414,91827.96986919244,91755.23109648908,,,,0.01,0.1,56.308545912782236
2026-01-07 10:42:00,BTC/USDT,91858.1,91860.183055343,91727.35458622611,91594.52611710923,91328.86917887545,,,,0.01,0.1,49.894445082048485
2026-01-07 10:43:00,BTC/USDT,91854.1,91852.8815071029,91776.35245004056,91699.82339297823,91546.76527885356,,,,0.01,0.1,49.34377128409729
2026-01-07 10:44:00,BTC/USDT,91877.8,91875.2438230921,91908.80917541392,91942.37452773575,92009.5052323794,,,,0.01,0.1,52.69516278319979
2026-01-07 10:45:00,BTC/USDT,91878.6,91878.8118979288,91903.22058595718,91927.62927398559,91976.44665004237,,,,0.01,0.1,52.80805732378947
2026-01-07 10:46:00,BTC/USDT,91905.6,91904.10612782184,91987.94822577646,92071.7903237311,92239.47451964034,,,,0.01,0.1,56.57045463929865
2026-01-07 10:47:00,BTC/USDT,91926.5,91926.09767325099,92025.07844322194,92124.0592131929,92322.0207531348,,,,0.01,0.1,59.262784451671116
2026-01-07 10:48:00,BTC/USDT,91914.0,91916.14695004186,91929.20912548369,91942.2713009255,91968.39565180913,,,,0.01,0.1,56.97456206595087
2026-01-07 10:49:00,BTC/USDT,91935.0,91933.82703282259,91990.56409275695,92047.3011526913,92160.77527256,,,,0.01,0.1,59.770092050101596
2026-01-07 10:50:00,BTC/USDT,91934.8,91935.54142185861,91964.46863914114,91993.39585642367,92051.25029098873,,,,0.01,0.1,59.75352399107999
2026-01-07 10:51:00,BTC/USDT,91922.0,91923.30236313315,91900.18538191477,91877.06840069637,91830.8344382596,,,,0.01,0.1,57.1267690949185
2026-01-07 10:52:00,BTC/USDT,91910.0,91910.56078303355,91863.91296009705,91817.26513716053,91723.96949128751,,,,0.01,0.1,54.70058769474815
2026-01-07 10:53:00,BTC/USDT,91952.0,91948.20295523028,92038.10629431669,92128.00963340308,92307.8163115759,,,,0.01,0.1,60.95510619273297
2026-01-07 10:54:00,BTC/USDT,91941.4,91943.12314276837,91966.5869179609,91990.05069315342,92036.97824353848,,,,0.01,0.1,58.74572798028067
2026-01-07 10:55:00,BTC/USDT,91926.1,91927.52181640046,91892.30067536393,91857.07953432741,91786.63725225435,,,,0.01,0.1,55.600267378430374
2026-01-07 10:56:00,BTC/USDT,91926.1,91925.72752156622,91905.7533929316,91885.77926429697,91845.83100702774,,,,0.01,0.1,55.654095618236404
2026-01-07 10:57:00,BTC/USDT,91942.1,91940.66945819763,91975.67199347788,92010.67452875813,92080.67959931864,,,,0.01,0.1,58.35026792733743
2026-01-07 10:58:00,BTC/USDT,91942.1,91942.52675805018,91962.65350986042,91982.78026167068,92023.03376529115,,,,0.01,0.1,62.447599354060216
2026-01-07 10:59:00,BTC/USDT,91977.7,91975.25924962755,92077.908150119,92180.55705061046,92385.85485159335,,,,0.01,0.1,63.98341530744416
2026-01-07 11:00:00,BTC/USDT,91930.5,91934.51240295677,91861.41287319642,91788.31334343606,91642.11428391535,,,,0.01,0.1,53.5888310663461
2026-01-07 11:01:00,BTC/USDT,91946.6,91944.7979449304,91944.2523714586,91943.70679798682,91942.61565104322,,,,0.01,0.1,56.24245999574992
2026-01-07 11:02:00,BTC/USDT,91977.1,91974.70096001035,92061.2268785027,92147.75279699503,92320.80463397971,,,,0.01,0.1,60.73221946289177
2026-01-07 11:03:00,BTC/USDT,92041.1,92036.76336913268,92252.28618282499,92467.80899651728,92898.8546239019,,,,0.01,0.1,68.15216433467418
2026-01-07 11:04:00,BTC/USDT,92037.1,92040.66196705081,92144.67930546855,92248.6966438863,92456.7313207218,,,,0.01,0.1,67.29790797723814
2026-01-07 11:05:00,BTC/USDT,92062.0,92061.95126119323,92167.3538635656,92272.75646593797,92483.56167068271,,,,0.01,0.1,70.2486961310388
2026-01-07 11:06:00,BTC/USDT,92128.4,92123.58394230298,92343.88930215596,92564.19466200894,93004.80538171492,,,,0.01,0.1,75.34228232785178
2026-01-07 11:07:00,BTC/USDT,92142.8,92145.43888597755,92303.69612545847,92461.9533649394,92778.46784390125,,,,0.01,0.1,76.32311500574978
2026-01-07 11:08:00,BTC/USDT,92130.5,92134.92681458246,92175.69559364523,92216.464372708,92298.00193083353,,,,0.01,0.1,73.45503147559371
2026-01-07 11:09:00,BTC/USDT,92142.7,92142.73843864987,92182.54457914612,92222.35071964237,92301.96300063487,,,,0.01,0.1,74.57727713916154
2026-01-07 11:10:00,BTC/USDT,92116.9,92119.70517439912,92072.60294091777,92025.50070743641,91931.29624047372,,,,0.01,0.1,68.74458555854659
2026-01-07 11:11:00,BTC/USDT,92089.6,92091.13310659218,91989.49840282109,91887.86369905001,91684.59429150783,,,,0.01,0.1,63.111584613739566
2026-01-07 11:12:00,BTC/USDT,92100.1,92097.7953441427,92073.8271111465,92049.85887815032,92001.92241215795,,,,0.01,0.1,64.34004830637457
2026-01-07 11:13:00,BTC/USDT,92113.9,92112.19364479018,92143.27784236101,92174.36203993183,92236.53043507348,,,,0.01,0.1,65.9240547577455
2026-01-07 11:14:00,BTC/USDT,92121.8,92121.51848731199,92161.48877088387,92201.45905445573,92281.39962159947,,,,0.01,0.1,66.80556272470558
2026-01-07 11:15:00,BTC/USDT,92098.6,92100.8019895851,92058.8204054564,92016.83882132768,91932.87565307025,,,,0.01,0.1,60.98831399418342
2026-01-07 11:16:00,BTC/USDT,92081.3,92082.05875461028,92010.2256831977,91938.39261178512,91794.72646895997,,,,0.01,0.1,58.01877782192575
2026-01-07 11:17:00,BTC/USDT,92078.3,92077.61522095265,92034.52386704297,91991.43251313329,91905.24980531393,,,,0.01,0.1,54.84034757815215
2026-01-07 11:18:00,BTC/USDT,92080.4,92079.60803236596,92067.36451376353,92055.12099516111,92030.63395795628,,,,0.01,0.1,57.74210623812248
2026-01-07 11:19:00,BTC/USDT,92124.3,92120.51016325962,92233.76397037583,92347.01777749204,92573.52539172447,,,,0.01,0.1,64.28033083147713
2026-01-07 11:20:00,BTC/USDT,92116.5,92118.49337476103,92161.06642587003,92203.639476979,92288.78557919698,,,,0.01,0.1,62.43754168375789
2026-01-07 11:21:00,BTC/USDT,92109.1,92110.39277908368,92105.17721115192,92099.96164322016,92089.53050735664,,,,0.01,0.1,60.65403222946503
2026-01-07 11:22:00,BTC/USDT,92159.9,92155.51927651148,92283.49986049012,92411.48044446876,92667.44161242606,,,,0.01,0.1,67.49250331900465
2026-01-07 11:23:00,BTC/USDT,92139.9,92142.96366316316,92162.25095572164,92181.53824828014,92220.11283339711,,,,0.01,0.1,62.87553839707204
2026-01-07 11:24:00,BTC/USDT,92163.2,92161.8566902037,92224.37776211827,92286.89883403282,92411.94097786194,,,,0.01,0.1,65.81880233774275
2026-01-07 11:25:00,BTC/USDT,92190.2,92188.80204518036,92292.62103144829,92396.44001771622,92604.07799025209,,,,0.01,0.1,68.9260709564046
2026-01-07 11:26:00,BTC/USDT,92222.6,92221.34966365025,92358.6497247909,92495.94978593155,92770.54990821282,,,,0.01,0.1,72.15357537912955
2026-01-07 11:27:00,BTC/USDT,92162.0,92167.89716973227,92077.04164337882,91986.18611702537,91804.47506431848,,,,0.01,0.1,60.35685857425596
2026-01-07 11:28:00,BTC/USDT,92187.2,92184.35001682976,92193.57281945906,92202.79562208836,92221.24122734698,,,,0.01,0.1,62.52312840765876
2026-01-07 11:29:00,BTC/USDT,92174.0,92174.86741247782,92151.49772134132,92128.12803020483,92081.38864793182,,,,0.01,0.1,60.09030660641025
2026-01-07 11:30:00,BTC/USDT,92166.1,92166.38451913872,92132.0169747704,92097.64943040209,92028.91434166547,,,,0.01,0.1,58.611337653258
2026-01-07 11:31:00,BTC/USDT,92135.8,92137.27805614419,92038.5891628368,91939.9002695294,91742.52248291462,,,,0.01,0.1,53.209034026222916
2026-01-07 11:32:00,BTC/USDT,92135.1,92133.98138325867,92083.18213572676,92032.38288819487,91930.78439313106,,,,0.01,0.1,53.390526272941905
2026-01-07 11:33:00,BTC/USDT,92143.0,92141.75463641937,92143.15401340158,92144.55339038378,92147.3521443482,,,,0.01,0.1,54.3441026058167
2026-01-07 11:34:00,BTC/USDT,92181.3,92178.42375929604,92285.60319864607,92392.78263799609,92607.14151669614,,,,0.01,0.1,59.99931181941234
2026-01-07 11:35:00,BTC/USDT,92224.9,92222.84998541579,92396.35225388389,92569.85452235199,92916.8590592882,,,,0.01,0.1,65.27871139233201
2026-01-07 11:36:00,BTC/USDT,92178.2,92183.37018794195,92144.69280076404,92106.01541358612,92028.66063923031,,,,0.01,0.1,56.669720704569905
2026-01-07 11:37:00,BTC/USDT,92216.5,92213.42058353979,92284.39046915913,92355.36035477847,92497.30012601716,,,,0.01,0.1,61.549603981047824
2026-01-07 11:38:00,BTC/USDT,92226.6,92226.67653377862,92294.94516542119,92363.21379706376,92499.75106034888,,,,0.01,0.1,62.33885345052255
2026-01-07 11:39:00,BTC/USDT,92221.3,92222.69721423386,92240.25120489688,92257.8051955599,92292.91317688592,,,,0.01,0.1,61.34688742596278
2026-01-07 11:40:00,BTC/USDT,92242.5,92241.22256874155,92302.03923105165,92362.85589336173,92484.48921798191,,,,0.01,0.1,63.84800470664882
2026-01-07 11:41:00,BTC/USDT,92250.0,92250.2683007559,92302.14005580367,92354.01181085146,92457.75532094702,,,,0.01,0.1,64.6748261629854
2026-01-07 11:42:00,BTC/USDT,92229.0,92231.20675452503,92198.73513186011,92166.26350919518,92101.32026386535,,,,0.01,0.1,59.61711665822635
2026-01-07 11:43:00,BTC/USDT,92210.5,92211.42526129003,92140.55160230327,92069.67794331649,91927.93062534297,,,,0.01,0.1,55.52128546384078
2026-01-07 11:44:00,BTC/USDT,92195.9,92195.98632418485,92121.43961109364,92046.89289800244,91897.79947182002,,,,0.01,0.1,53.930976568300935
2026-01-07 11:45:00,BTC/USDT,92183.4,92183.25775710621,92115.05617063718,92046.85458416813,91910.45141123007,,,,0.01,0.1,51.487210018466435
2026-01-07 11:46:00,BTC/USDT,92174.4,92174.11303929325,92119.02470002216,92063.93636075106,91953.75968220888,,,,0.01,0.1,50.02851864985119
2026-01-07 11:47:00,BTC/USDT,92173.9,92173.25120293598,92147.82560752265,92122.40001210933,92071.54882128269,,,,0.01,0.1,49.84451799619449
2026-01-07 11:48:00,BTC/USDT,92172.6,92172.33485325488,92159.08540618612,92145.83595911736,92119.33706497985,,,,0.01,0.1,49.58648368938008
2026-01-07 11:49:00,BTC/USDT,92139.4,92141.02021867466,92044.02960009164,91947.03898150862,91753.0577443426,,,,0.01,0.1,43.224961522273524
2026-01-07 11:50:00,BTC/USDT,92127.0,92126.7180050951,92044.70301816841,91962.6880312417,91798.65805738833,,,,0.01,0.1,41.06775218078658
2026-01-07 11:51:00,BTC/USDT,92168.1,92164.55561965807,92242.15798665638,92319.7603536547,92474.96508765132,,,,0.01,0.1,49.84048667223594
2026-01-07 11:52:00,BTC/USDT,92176.1,92176.35133856608,92243.082170213,92309.81300185993,92443.2746651538,,,,0.01,0.1,52.448308072767354
2026-01-07 11:53:00,BTC/USDT,92179.7,92180.32298161536,92219.7583098867,92259.19363815803,92338.06429470071,,,,0.01,0.1,52.096395374702126
2026-01-07 11:54:00,BTC/USDT,92156.2,92158.02327551994,92109.49867929313,92060.9740830663,91963.92489061267,,,,0.01,0.1,47.25810146948121
2026-01-07 11:55:00,BTC/USDT,92192.4,92189.49176597677,92261.5549928003,92333.61821962384,92477.74467327092,,,,0.01,0.1,54.289514031026556
2026-01-07 11:56:00,BTC/USDT,92188.0,92189.00985508003,92217.79269220191,92246.5755293238,92304.14120356757,,,,0.01,0.1,53.34231542982391
2026-01-07 11:57:00,BTC/USDT,92150.1,92152.58111639714,92058.6050519885,91964.62898757988,91776.67685876263,,,,0.01,0.1,46.05077322493353
2026-01-07 11:58:00,BTC/USDT,92116.8,92117.68052291473,91976.47498279528,91835.26944267582,91552.85836243693,,,,0.01,0.1,40.772113833703024
2026-01-07 11:59:00,BTC/USDT,92088.7,92088.7365359252,91945.4615159646,91802.186496004,91515.6364560828,,,,0.01,0.1,36.924320198335614
2026-01-07 12:00:00,BTC/USDT,92138.1,92133.55946536019,92207.14028942742,92280.72111349466,92427.88276162914,,,,0.01,0.1,46.50318210760168
2026-01-07 12:01:00,BTC/USDT,92145.9,92146.03892879166,92213.07165802944,92280.10438726723,92414.16984574278,,,,0.01,0.1,47.865068531898224
2026-01-07 12:02:00,BTC/USDT,92138.0,92139.22123825093,92147.09930969446,92154.97738113797,92170.73352402502,,,,0.01,0.1,46.57070710884842
2026-01-07 12:03:00,BTC/USDT,92139.1,92139.19731170055,92142.38984383625,92145.58237597194,92151.96744024333,,,,0.01,0.1,46.807680272187945
2026-01-07 12:04:00,BTC/USDT,92169.7,92167.79778773162,92252.87954056225,92337.96129339287,92508.12479905415,,,,0.01,0.1,52.46190559641795
2026-01-07 12:05:00,BTC/USDT,92138.9,92141.50272683933,92100.48390697074,92059.46508710214,91977.42744736496,,,,0.01,0.1,47.03353804883342
2026-01-07 12:06:00,BTC/USDT,92048.4,92052.44574674984,91774.60522851486,91496.76471027988,90941.0836738099,,,,0.01,0.1,35.42250808542789
2026-01-07 12:07:00,BTC/USDT,92029.0,92027.46105156254,91840.02067736683,91652.58030317113,91277.6995547797,,,,0.01,0.1,34.153006604554264
2026-01-07 12:08:00,BTC/USDT,92020.3,92018.87346238559,91916.86562510289,91814.85778782019,91610.8421132548,,,,0.01,0.1,32.673936965475036
2026-01-07 12:09:00,BTC/USDT,92079.0,92074.54113219756,92197.55026834924,92320.55940450092,92566.57767680427,,,,0.01,0.1,43.13543832669382
2026-01-07 12:10:00,BTC/USDT,92140.1,92137.46264964824,92372.95293818493,92608.44322672162,93079.42380379498,,,,0.01,0.1,52.548482701696464
2026-01-07 12:11:00,BTC/USDT,92158.0,92159.71077226044,92322.89315554374,92486.07553882705,92812.44030539367,,,,0.01,0.1,53.74965068026011
2026-01-07 12:12:00,BTC/USDT,92120.0,92124.21398672281,92089.28051408868,92054.34704145456,91984.48009618631,,,,0.01,0.1,48.74599180371857
2026-01-07 12:13:00,BTC/USDT,92109.8,92110.22851328483,92054.82521819136,91999.42192309789,91888.61533291095,,,,0.01,0.1,47.47537643090423
2026-01-07 12:14:00,BTC/USDT,92058.0,92060.1530129141,91890.58662924814,91721.02024558219,91381.88747825027,,,,0.01,0.1,41.55157712372637
2026-01-07 12:15:00,BTC/USDT,92097.0,92092.89012916294,92119.4343566563,92145.97858414968,92199.0670391364,,,,0.01,0.1,46.91048654817454
2026-01-07 12:16:00,BTC/USDT,92109.0,92108.36216882252,92164.65934929697,92220.95652977141,92333.55089072029,,,,0.01,0.1,48.47536850768771
2026-01-07 12:17:00,BTC/USDT,92113.8,92114.14669853255,92154.43766395093,92194.72862936929,92275.31056020602,,,,0.01,0.1,49.14457370256411
2026-01-07 12:18:00,BTC/USDT,92088.0,92089.9148305535,92035.84993007404,91981.78502959455,91873.65522863562,,,,0.01,0.1,45.80369686901613
2026-01-07 12:19:00,BTC/USDT,92089.0,92088.43985869201,92061.75259618176,92035.06533367149,91981.69080865096,,,,0.01,0.1,45.958965612838035
2026-01-07 12:20:00,BTC/USDT,92095.2,92094.50323047808,92101.23059783915,92107.95796520021,92121.41269992235,,,,0.01,0.1,46.973868906163894
2026-01-07 12:21:00,BTC/USDT,92101.4,92101.07499293899,92123.10459543666,92145.13419793431,92189.19340292965,,,,0.01,0.1,48.01490604402467
2026-01-07 12:22:00,BTC/USDT,92085.1,92086.23805105049,92051.97942894443,92017.72080683836,91949.20356262622,,,,0.01,0.1,45.48757313312084
2026-01-07 12:23:00,BTC/USDT,92097.0,92095.97206938032,92110.34905698436,92124.7260445884,92153.48001979648,,,,0.01,0.1,47.64919808581476
2026-01-07 12:24:00,BTC/USDT,92060.0,92062.04943855757,91968.75242626047,91875.45541396338,91688.8613893692,,,,0.01,0.1,42.058954398333704
2026-01-07 12:25:00,BTC/USDT,92054.9,92054.29215400394,91993.0571900733,91931.82222614267,91809.3522982814,,,,0.01,0.1,41.339676059623216
2026-01-07 12:26:00,BTC/USDT,92026.8,92027.55970650114,91923.71212485894,91819.86454321675,91612.16937993237,,,,0.01,0.1,37.53008986492171
2026-01-07 12:27:00,BTC/USDT,92068.0,92064.50423453293,92130.9020873094,92197.29994008587,92330.09564563882,,,,0.01,0.1,45.476227666565144
2026-01-07 12:28:00,BTC/USDT,92072.9,92073.17859687538,92126.0814308874,92178.9842648994,92284.78993292342,,,,0.01,0.1,46.33409552920057
2026-01-07 12:29:00,BTC/USDT,92071.8,92072.47869862641,92092.34035327946,92112.2020079325,92151.9253172386,,,,0.01,0.1,46.16274068473676
2026-01-07 12:30:00,BTC/USDT,92087.0,92086.3684057708,92135.28879729875,92184.2091888267,92282.0499718826,,,,0.01,0.1,49.129618746352385
2026-01-07 12:31:00,BTC/USDT,92081.1,92081.97616336834,92089.47668041057,92096.97719745281,92111.97823153727,,,,0.01,0.1,47.99226596843673
2026-01-07 12:32:00,BTC/USDT,92123.9,92121.15908320817,92238.90486789076,92356.65065257334,92592.14222193853,,,,0.01,0.1,55.67784128845636
2026-01-07 12:33:00,BTC/USDT,92050.2,92055.21568393832,91913.37940552684,91771.54312711535,91487.87057029238,,,,0.01,0.1,43.81429989341409
2026-01-07 12:34:00,BTC/USDT,92033.0,92032.67091545925,91907.9437546858,91783.21659391234,91533.7622723654,,,,0.01,0.1,42.391699438398426
2026-01-07 12:35:00,BTC/USDT,92037.9,92036.28046549826,91995.50982296195,91954.73918042565,91873.19789535303,,,,0.01,0.1,42.39145220855672
2026-01-07 12:36:00,BTC/USDT,92039.1,92038.51053578971,92028.26091295548,92018.01129012124,91997.51204445277,,,,0.01,0.1,42.4139229508582
2026-01-07 12:37:00,BTC/USDT,92037.8,92037.72802937006,92031.20324782627,92024.67846628248,92011.62890319488,,,,0.01,0.1,42.429318732051044
2026-01-07 12:38:00,BTC/USDT,92024.1,92024.73959602429,91983.87873545042,91943.01787487655,91861.2961537288,,,,0.01,0.1,40.28315109972214
2026-01-07 12:39:00,BTC/USDT,92032.7,92031.83165726395,92035.90721653619,92039.98277580843,92048.1338943529,,,,0.01,0.1,42.26699045728372
2026-01-07 12:40:00,BTC/USDT,92004.1,92005.52544030889,91929.89362531193,91854.26181031499,91702.99818032108,,,,0.01,0.1,37.772135903314016
2026-01-07 12:41:00,BTC/USDT,92006.9,92006.06032150197,91976.61815006766,91947.17597863334,91888.29163576473,,,,0.01,0.1,38.42855469912871
2026-01-07 12:42:00,BTC/USDT,91984.5,91985.27413075564,91911.924086858,91838.57404296035,91691.87395516504,,,,0.01,0.1,36.544263183676584
2026-01-07 12:43:00,BTC/USDT,92009.1,92007.05055247911,92041.25892095362,92075.46728942812,92143.88402637714,,,,0.01,0.1,41.14248219640445
2026-01-07 12:44:00,BTC/USDT,92015.0,92014.94019737517,92052.23044050844,92089.52068364172,92164.10116990826,,,,0.01,0.1,42.53049435437997
2026-01-07 12:45:00,BTC/USDT,92049.9,92048.2093317938,92161.33442380645,92274.4595158191,92500.70969984437,,,,0.01,0.1,50.08993592458459
2026-01-07 12:46:00,BTC/USDT,92054.0,92055.03102760638,92122.0431754688,92189.05532333124,92323.0796190561,,,,0.01,0.1,50.84715885327926
2026-01-07 12:47:00,BTC/USDT,92030.6,92032.72262568228,91995.56884025736,91958.41505483245,91884.10748398262,,,,0.01,0.1,46.18520063766461
2026-01-07 12:48:00,BTC/USDT,92044.0,92042.88163741706,92057.28741286357,92071.69318831009,92100.50473920313,,,,0.01,0.1,49.06869621532848
2026-01-07 12:49:00,BTC/USDT,92053.9,92053.39770873249,92090.11514772792,92126.83258672335,92200.2674647142,,,,0.01,0.1,51.14420262881843
2026-01-07 12:50:00,BTC/USDT,92054.0,92054.4138348201,92072.67973564402,92090.94563646795,92127.47743811582,,,,0.01,0.1,51.14420262881843
2026-01-07 12:51:00,BTC/USDT,92057.9,92057.91043264852,92075.7196325961,92093.52883254367,92129.14723243883,,,,0.01,0.1,52.04872006371034
2026-01-07 12:52:00,BTC/USDT,92055.9,92056.24368021027,92058.81703367665,92061.39038714301,92066.53709407574,,,,0.01,0.1,51.531862917367725
2026-01-07 12:53:00,BTC/USDT,92025.4,92027.09911912412,91943.19120814728,91859.28329717045,91691.46747521678,,,,0.01,0.1,44.305030968154654
2026-01-07 12:54:00,BTC/USDT,92038.9,92037.32264938534,92032.71807800967,92028.11350663398,92018.90436388261,,,,0.01,0.1,44.31754196053019
2026-01-07 12:55:00,BTC/USDT,92000.1,92001.96883365707,91896.2976387822,91790.62644390734,91579.2840541576,,,,0.01,0.1,40.0568183537003
2026-01-07 12:56:00,BTC/USDT,92000.0,91999.00477826573,91946.84393055097,91894.6830828362,91790.36138740665,,,,0.01,0.1,40.02230366642147
2026-01-07 12:57:00,BTC/USDT,92007.9,92006.85970615571,92008.5408597419,92010.2220133281,92013.58432050048,,,,0.01,0.1,42.234409888159156
2026-01-07 12:58:00,BTC/USDT,92006.7,92006.72647037357,92007.02793150376,92007.32939263395,92007.93231489435,,,,0.01,0.1,41.98663509285914
2026-01-07 12:59:00,BTC/USDT,91999.8,92000.16438923201,91980.99775768575,91961.83112613947,91923.49786304693,,,,0.01,0.1,40.52357660057492
2026-01-07 13:00:00,BTC/USDT,92023.0,92021.43613828857,92076.15997751603,92130.88381674349,92240.3314951984,,,,0.01,0.1,47.30104781805133
2026-01-07 13:01:00,BTC/USDT,92020.4,92021.08440508113,92042.75614738408,92064.42788968702,92107.77137429293,,,,0.01,0.1,46.66577610587956
2026-01-07 13:02:00,BTC/USDT,91995.1,91996.68750897693,91934.2161745481,91871.74484011925,91746.80217126159,,,,0.01,0.1,41.435237278357484
2026-01-07 13:03:00,BTC/USDT,92011.6,92010.04325616537,92023.62894249157,92037.21462881776,92064.38600147016,,,,0.01,0.1,45.61549645150923
2026-01-07 13:04:00,BTC/USDT,92055.8,92052.85259798465,92183.945352978,92315.03810797136,92577.22361795808,,,,0.01,0.1,55.86819666259388
2026-01-07 13:05:00,BTC/USDT,92027.2,92030.23720653218,92019.75772646813,92009.27824640406,91988.31928627596,,,,0.01,0.1,49.38559710922352
2026-01-07 13:06:00,BTC/USDT,92000.0,92001.52895271193,91913.26646001393,91825.00396731592,91648.4789819199,,,,0.01,0.1,44.11308144619592
2026-01-07 13:07:00,BTC/USDT,91909.9,91913.27591447112,91617.6665788188,91322.05724316646,90730.83857186181,,,,0.01,0.1,31.95374760496145
2026-01-07 13:08:00,BTC/USDT,91928.9,91925.20033391764,91840.01898133694,91754.83762875624,91584.47492359483,,,,0.01,0.1,35.97494754186762
2026-01-07 13:09:00,BTC/USDT,91871.0,91872.68310228526,91682.76797438179,91492.85284647832,91113.02259067137,,,,0.01,0.1,30.15717101047683
2026-01-07 13:10:00,BTC/USDT,91933.5,91927.95330940688,92014.31696027008,92100.68061113328,92273.4079128597,,,,0.01,0.1,43.72834614147547
2026-01-07 13:11:00,BTC/USDT,91975.0,91973.26725865695,92141.89333842114,92310.51941818531,92647.77157771368,,,,0.01,0.1,47.21816621899631
2026-01-07 13:12:00,BTC/USDT,91934.5,91938.36728122151,91906.1984668457,91874.0296524699,91809.69202371828,,,,0.01,0.1,42.633922042165594
2026-01-07 13:13:00,BTC/USDT,91902.0,91903.52979195368,91787.87801460257,91672.22623725144,91440.92268254921,,,,0.01,0.1,39.34023835382807
2026-01-07 13:14:00,BTC/USDT,91897.2,91896.34206484935,91827.66282808033,91758.98359131132,91621.62511777329,,,,0.01,0.1,38.86154189090667
2026-01-07 13:15:00,BTC/USDT,91922.7,91920.51561904755,91963.5422829344,92006.56894682125,92092.62227459493,,,,0.01,0.1,42.83127019053366
2026-01-07 13:16:00,BTC/USDT,91944.0,91943.15169681856,92027.3892614356,92111.62682605263,92280.10195528671,,,,0.01,0.1,45.966343620335905
2026-01-07 13:17:00,BTC/USDT,91972.8,91972.01852515295,92091.46889014335,92210.91925513375,92449.81998511455,,,,0.01,0.1,50.131327026524836
2026-01-07 13:18:00,BTC/USDT,91961.8,91963.79848977363,91989.53734915765,92015.27620854165,92066.75392730966,,,,0.01,0.1,48.49133860688394
2026-01-07 13:19:00,BTC/USDT,91986.0,91984.9308219921,92057.41334013478,92129.89585827745,92274.86089456281,,,,0.01,0.1,51.8671013254804
2026-01-07 13:20:00,BTC/USDT,92100.9,92092.65267962967,92436.78827129057,92780.92386295147,93469.19504627326,,,,0.01,0.1,63.96180402196883
2026-01-07 13:21:00,BTC/USDT,92134.1,92136.38409494296,92408.61189285276,92680.83969076256,93225.29528658216,,,,0.01,0.1,66.57814071180229
2026-01-07 13:22:00,BTC/USDT,92106.3,92112.5565362499,92161.42775692779,92210.29897760568,92308.04141896147,,,,0.01,0.1,62.47974492827919
2026-01-07 13:23:00,BTC/USDT,92118.0,92118.33501780404,92155.70909774772,92193.0831776914,92267.83133757874,,,,0.01,0.1,63.51072210921744
2026-01-07 13:24:00,BTC/USDT,92143.0,92141.58485493407,92224.26148154978,92306.93810816549,92472.2913613969,,,,0.01,0.1,66.0692083460709
2026-01-07 13:25:00,BTC/USDT,92173.5,92172.17589193139,92295.0221140707,92417.86833621001,92663.56078048865,,,,0.01,0.1,68.10330938806999
2026-01-07 13:26:00,BTC/USDT,92239.9,92235.66853930484,92469.31004113283,92702.95154296083,93170.2345466168,,,,0.01,0.1,72.68245289117029
2026-01-07 13:27:00,BTC/USDT,92247.7,92251.06000902974,92396.46875683438,92541.87750463902,92832.6950002483,,,,0.01,0.1,73.16134421772648
2026-01-07 13:28:00,BTC/USDT,92229.0,92233.45348186558,92247.51843946165,92261.58339705774,92289.71331224988,,,,0.01,0.1,69.95397487426513
2026-01-07 13:29:00,BTC/USDT,92230.3,92230.83191243302,92229.47249869324,92228.11308495347,92225.39425747392,,,,0.01,0.1,70.04711303671601
2026-01-07 13:30:00,BTC/USDT,92245.0,92243.66680897037,92279.49082160874,92315.3148342471,92386.96285952382,,,,0.01,0.1,71.19932852741768
2026-01-07 13:31:00,BTC/USDT,92207.8,92210.96873610285,92134.05193514503,92057.13513418722,91903.3015322716,,,,0.01,0.1,63.424863804413725
2026-01-07 13:32:00,BTC/USDT,92177.1,92178.38463624538,92052.00345499668,91925.62227374798,91672.85991125058,,,,0.01,0.1,59.26603897563437
2026-01-07 13:33:00,BTC/USDT,92174.9,92173.36643056381,92105.58915715957,92037.81188375535,91902.25733694687,,,,0.01,0.1,59.061309890492105
2026-01-07 13:34:00,BTC/USDT,92152.3,92152.78881632346,92064.70770233743,91976.62658835138,91800.46436037932,,,,0.01,0.1,55.40320587430193
2026-01-07 13:35:00,BTC/USDT,92123.9,92124.5821161094,92005.73501330242,91886.88791049544,91649.19370488146,,,,0.01,0.1,51.12085736746512
2026-01-07 13:36:00,BTC/USDT,92085.9,92086.73261636365,91926.78915175961,91766.84568715558,91446.95875794753,,,,0.01,0.1,46.01482034838347
2026-01-07 13:37:00,BTC/USDT,92095.0,92092.63801126824,92043.81659066911,91994.99517006997,91897.35232887171,,,,0.01,0.1,48.048829408471065
2026-01-07 13:38:00,BTC/USDT,92112.0,92110.23937592196,92141.47308210345,92172.70678828492,92235.1742006479,,,,0.01,0.1,49.907641395917416
2026-01-07 13:39:00,BTC/USDT,92123.0,92122.59548739162,92171.66744749028,92220.73940758895,92318.88332778627,,,,0.01,0.1,51.565591771345034
2026-01-07 13:40:00,BTC/USDT,92132.9,92132.86873214968,92183.27826255144,92233.6877929532,92334.50685375673,,,,0.01,0.1,53.17035342500781
2026-01-07 13:41:00,BTC/USDT,92142.6,92142.62286245731,92192.07850615881,92241.5341498603,92340.44543726328,,,,0.01,0.1,54.48214187980721
2026-01-07 13:42:00,BTC/USDT,92143.9,92144.46153935221,92170.51612049641,92196.57070164061,92248.679863929,,,,0.01,0.1,54.673259256046705
2026-01-07 13:43:00,BTC/USDT,92150.1,92150.07071517638,92177.28256555942,92204.49441594245,92258.91811670853,,,,0.01,0.1,57.04736930493135
2026-01-07 13:44:00,BTC/USDT,92153.2,92153.354586776,92174.31301950182,92195.27145222762,92237.18831767926,,,,0.01,0.1,56.26992992117142
2026-01-07 13:45:00,BTC/USDT,92126.0,92127.88419278349,92062.80350990726,91997.72282703103,91867.56146127856,,,,0.01,0.1,50.563367973333605
2026-01-07 13:46:00,BTC/USDT,92088.7,92090.11259417658,91952.7359855748,91815.35937697305,91540.60615976952,,,,0.01,0.1,43.95456044834123
2026-01-07 13:47:00,BTC/USDT,92077.1,92076.33021216383,91979.18020076091,91882.03018935799,91687.73016655214,,,,0.01,0.1,42.112341837192126
2026-01-07 13:48:00,BTC/USDT,92130.9,92126.16972834633,92232.7126959104,92339.2556634745,92552.34159860267,,,,0.01,0.1,52.117172055173576
2026-01-07 13:49:00,BTC/USDT,92115.9,92117.77651503513,92137.83389639422,92157.89127775331,92198.00604047147,,,,0.01,0.1,49.55617603989949
2026-01-07 13:50:00,BTC/USDT,92080.1,92082.34075506082,91987.16042985077,91891.98010464071,91701.61945422059,,,,0.01,0.1,43.48601530143566
2026-01-07 13:51:00,BTC/USDT,92105.0,92102.52701119946,92122.5886847466,92142.65035829374,92182.77370538803,,,,0.01,0.1,48.30930877112373
2026-01-07 13:52:00,BTC/USDT,92111.7,92111.39085458129,92145.63848975736,92179.88612493344,92248.3813952856,,,,0.01,0.1,49.44811102908358
2026-01-07 13:53:00,BTC/USDT,92098.0,92099.15964968759,92077.67119997588,92056.18275026418,92013.2058508408,,,,0.01,0.1,47.16001403409165
2026-01-07 13:54:00,BTC/USDT,92068.9,92070.28459684229,91976.82983699955,91883.3750771568,91696.46555747133,,,,0.01,0.1,42.65494520168303
2026-01-07 13:55:00,BTC/USDT,92060.8,92060.31367133089,91992.49258096983,91924.67149060877,91789.02930988667,,,,0.01,0.1,41.44205636492882
2026-01-07 13:56:00,BTC/USDT,92064.0,92063.07579927421,92043.28059647369,92023.48539367317,91983.89498807213,,,,0.01,0.1,42.137654082410016
2026-01-07 13:57:00,BTC/USDT,92069.8,92069.21594587567,92079.1070482775,92088.99815067934,92108.780355483,,,,0.01,0.1,43.43578908839788
2026-01-07 13:58:00,BTC/USDT,92037.1,92038.80971300593,91953.61053542944,91868.41135785297,91698.01300269998,,,,0.01,0.1,38.21668773804015
2026-01-07 13:59:00,BTC/USDT,92043.8,92042.65545657338,92019.04015752538,91995.42485847736,91948.19426038135,,,,0.01,0.1,39.81904960998289
2026-01-07 14:00:00,BTC/USDT,92017.9,92018.87631514623,91939.1530587363,91859.42980232635,91699.98328950649,,,,0.01,0.1,35.825867054664826
2026-01-07 14:01:00,BTC/USDT,91929.8,91933.08349268483,91647.10926285197,91361.13503301909,90789.18657335335,,,,0.01,0.1,29.50649046647615
2026-01-07 14:02:00,BTC/USDT,91815.0,91817.40547939698,91358.082471518,90898.75946363904,89980.1134478811,,,,0.01,0.1,18.555082838987246
2026-01-07 14:03:00,BTC/USDT,91847.1,91841.7996957552,91728.89185411563,91615.98401247607,91390.16832919694,,,,0.01,0.1,25.387083327160155
2026-01-07 14:04:00,BTC/USDT,91819.7,91819.67933361467,91708.14049414721,91596.60165467978,91373.52397574487,,,,0.01,0.1,24.718783133800798
2026-01-07 14:05:00,BTC/USDT,91838.9,91837.0554072551,91843.36430487373,91849.67320249234,91862.29099772958,,,,0.01,0.1,27.35862846789577
2026-01-07 14:06:00,BTC/USDT,91748.0,91751.73240439962,91501.26844980985,91250.80449522009,90749.87658604054,,,,0.01,0.1,21.970908856784476
2026-01-07 14:07:00,BTC/USDT,91747.0,91745.10995467275,91623.93281164039,91502.75566860802,91260.40138254329,,,,0.01,0.1,22.06602264686235
2026-01-07 14:08:00,BTC/USDT,91700.0,91700.84623654644,91520.11535863978,91339.38448073313,90977.92272491984,,,,0.01,0.1,19.802449593693083
2026-01-07 14:09:00,BTC/USDT,91671.8,91671.51554975208,91511.07113067634,91350.62671160059,91029.73787344912,,,,0.01,0.1,18.569774773154293
2026-01-07 14:10:00,BTC/USDT,91707.9,91704.8882739386,91739.38445185756,91773.88062977651,91842.87298561442,,,,0.01,0.1,26.012779722914388
2026-01-07 14:11:00,BTC/USDT,91690.1,91691.02099499636,91663.90434387265,91636.78769274894,91582.55439050151,,,,0.01,0.1,23.988523392739268
2026-01-07 14:12:00,BTC/USDT,91669.6,91670.27306743337,91597.63025183433,91524.9874362353,91379.70180503721,,,,0.01,0.1,23.043587191651497
2026-01-07 14:13:00,BTC/USDT,91704.5,91702.28101762364,91767.95378162511,91833.6265456266,91964.97207362956,,,,0.01,0.1,29.028886276166375
2026-01-07 14:14:00,BTC/USDT,91707.2,91707.56943993784,91749.99733196967,91792.42522400152,91877.2810080652,,,,0.01,0.1,28.740040787070157
2026-01-07 14:15:00,BTC/USDT,91747.2,91745.64216768925,91875.75795248496,92005.87373728065,92266.10530687205,,,,0.01,0.1,36.25649495053124
2026-01-07 14:16:00,BTC/USDT,91616.0,91622.78123029823,91313.69529658061,91004.609362863,90386.43749542777,,,,0.01,0.1,27.249945296947246
2026-01-07 14:17:00,BTC/USDT,91603.3,91601.45032015983,91412.50210808091,91223.55389600199,90845.65747184416,,,,0.01,0.1,26.40282606082981
2026-01-07 14:18:00,BTC/USDT,91581.0,91580.25328773208,91440.54952666185,91300.84576559163,91021.43824345118,,,,0.01,0.1,25.179644746614485
2026-01-07 14:19:00,BTC/USDT,91521.1,91522.40982450331,91293.91365603106,91065.4174875588,90608.42515061432,,,,0.01,0.1,22.981078362581187
2026-01-07 14:20:00,BTC/USDT,91633.0,91625.03973338814,91837.45000639663,92049.86027940511,92474.68082542207,,,,0.01,0.1,36.94189520461616
2026-01-07 14:21:00,BTC/USDT,91595.2,91598.67569183162,91608.1396944336,91617.60369703558,91636.53170223953,,,,0.01,0.1,34.43580181628735
2026-01-07 14:22:00,BTC/USDT,91515.0,91518.89869156027,91287.07497403675,91055.25125651322,90591.60382146615,,,,0.01,0.1,30.3690877190042
2026-01-07 14:23:00,BTC/USDT,91583.0,91577.37803596939,91656.11621688512,91734.85439780085,91892.3307596323,,,,0.01,0.1,37.59893925496833
2026-01-07 14:24:00,BTC/USDT,91578.0,91578.75707150399,91615.1415045129,91651.52593752179,91724.29480353958,,,,0.01,0.1,37.28610741518383
2026-01-07 14:25:00,BTC/USDT,91609.9,91608.63843608,91711.68546784685,91814.7324996137,92020.8265631474,,,,0.01,0.1,40.76609654588224
2026-01-07 14:26:00,BTC/USDT,91600.1,91601.60543223128,91623.33742724064,91645.06942224997,91688.53341226866,,,,0.01,0.1,39.73178545536571
2026-01-07 14:27:00,BTC/USDT,91560.2,91562.47368846492,91456.18127871069,91349.88886895648,91137.30404944802,,,,0.01,0.1,37.10933741245627
2026-01-07 14:28:00,BTC/USDT,91565.9,91564.67189185531,91527.5830065994,91490.49412134346,91416.31635083164,,,,0.01,0.1,36.86019327674461
2026-01-07 14:29:00,BTC/USDT,91560.1,91559.96027038994,91530.85555117184,91501.75083195376,91443.54139351757,,,,0.01,0.1,35.939208821515564
2026-01-07 14:30:00,BTC/USDT,91644.8,91639.5552880287,91862.60629190964,92085.65729579057,92531.75930355246,,,,0.01,0.1,46.03275807866369
2026-01-07 14:31:00,BTC/USDT,91407.2,91419.56120879616,90867.73904686466,90315.91688493318,89212.27256107017,,,,0.01,0.1,30.58482829934728
2026-01-07 14:32:00,BTC/USDT,91692.6,91667.65597161806,92178.19429995758,92688.7326282971,93709.80928497615,,,,0.01,0.1,51.9586545443736
2026-01-07 14:33:00,BTC/USDT,91541.2,91553.62223394212,91435.00283888288,91316.38344382364,91079.14465370517,,,,0.01,0.1,44.502208228432494
2026-01-07 14:34:00,BTC/USDT,91646.0,91638.92514693055,91840.28029175202,92041.63543657349,92444.34572621642,,,,0.01,0.1,49.865335895481174
2026-01-07 14:35:00,BTC/USDT,91872.0,91857.99405994096,92581.36060063193,93304.72714132289,94751.46022270483,,,,0.01,0.1,59.05406187924724
2026-01-07 14:36:00,BTC/USDT,91801.0,91814.20253697262,91993.40089224256,92172.59924751251,92530.99595805239,,,,0.01,0.1,55.60921274636889
2026-01-07 14:37:00,BTC/USDT,91637.9,91650.28533727948,91249.58113407207,90848.87693086464,90047.46852444983,,,,0.01,0.1,49.22172037321513
2026-01-07 14:38:00,BTC/USDT,91776.0,91762.6004347721,91924.73035327447,92086.86027177684,92411.12010878159,,,,0.01,0.1,53.89334405093292
2026-01-07 14:39:00,BTC/USDT,91780.0,91780.9872879403,91902.29278086909,92023.59827379789,92266.20925965547,,,,0.01,0.1,54.97190072024876
2026-01-07 14:40:00,BTC/USDT,91813.2,91812.6759749828,91955.55398640611,92098.43199782944,92384.18802067605,,,,0.01,0.1,55.27124081147758
2026-01-07 14:41:00,BTC/USDT,91975.1,91965.17415194135,92467.89780939012,92970.62146683889,93976.06878173644,,,,0.01,0.1,60.64969699927137
2026-01-07 14:42:00,BTC/USDT,91999.0,92004.02959740411,92328.94933761505,92653.86907782599,93303.70855824786,,,,0.01,0.1,62.13385370374843
2026-01-07 14:43:00,BTC/USDT,91952.0,91960.19862903343,91972.10801294624,91984.01739685904,92007.83616468466,,,,0.01,0.1,59.30028706417436
2026-01-07 14:44:00,BTC/USDT,91847.1,91854.44088904322,91553.79705206343,91253.15321508363,90651.86554112403,,,,0.01,0.1,54.29399406464321
2026-01-07 14:45:00,BTC/USDT,91939.0,91928.9993044603,92020.21086062114,92111.42241678199,92293.84552910367,,,,0.01,0.1,57.44609993798668
2026-01-07 14:46:00,BTC/USDT,91954.8,91954.27904667261,92065.87191864826,92177.46479062391,92400.65053457521,,,,0.01,0.1,57.7714572168245
2026-01-07 14:47:00,BTC/USDT,91979.1,91978.92225716547,92097.24478136875,92215.56730557203,92452.2123539786,,,,0.01,0.1,59.15799404665844
2026-01-07 14:48:00,BTC/USDT,91961.0,91963.86918918272,91970.31733868939,91976.76548819606,91989.6617872094,,,,0.01,0.1,58.09190241342988
2026-01-07 14:49:00,BTC/USDT,91859.9,91866.40025570898,91587.01084734572,91307.62143898245,90748.8426222559,,,,0.01,0.1,52.62351700430939
2026-01-07 14:50:00,BTC/USDT,91908.9,91902.50664866193,91891.20003621593,91879.89342376991,91857.2801988779,,,,0.01,0.1,54.28285130823867
2026-01-07 14:51:00,BTC/USDT,91878.1,91879.49574566692,91807.86113631618,91736.22652696542,91592.95730826393,,,,0.01,0.1,52.998486756759476
2026-01-07 14:52:00,BTC/USDT,91934.9,91930.27168115141,92048.19603623814,92166.12039132486,92401.96910149831,,,,0.01,0.1,55.33282857141856
2026-01-07 14:53:00,BTC/USDT,91998.9,91995.78638049806,92235.44391632736,92475.10145215667,92954.41652381526,,,,0.01,0.1,57.5634801252205
2026-01-07 14:54:00,BTC/USDT,91938.9,91945.71338117457,91901.6379228835,91857.56246459241,91769.41154801026,,,,0.01,0.1,55.036006838780395
2026-01-07 14:55:00,BTC/USDT,92128.0,92112.90534875606,92580.20009554134,93047.49484232663,93982.0843358972,,,,0.01,0.1,63.22715061775228
2026-01-07 14:56:00,BTC/USDT,92095.2,92103.26184653725,92274.61330937894,92445.96477222063,92788.667697904,,,,0.01,0.1,60.98047592509794
2026-01-07 14:57:00,BTC/USDT,91973.1,91983.43320995424,91710.58799550706,91437.74278105989,90892.05235216554,,,,0.01,0.1,54.04058282124087
2026-01-07 14:58:00,BTC/USDT,91967.6,91965.12149893695,91797.81259250088,91630.50368606481,91295.88587319266,,,,0.01,0.1,53.74383463361945
2026-01-07 14:59:00,BTC/USDT,91968.3,91965.93121363112,91898.3524746022,91830.77373557328,91695.61625751543,,,,0.01,0.1,54.190287741607555
interrupted,2026-01-07T15:00:49.390291+00:00,USER_INTERRUPTED,,,,,,,,,,,,,,,,,,,,
